version,lead_time_hr,threshold_mm,window_gridpts,window_km,n_samples,fss_avg
fourcastnet_mlp,6,5,2,56,1461,0.4879
fourcastnet_mlp,6,5,5,139,1461,0.6332
fourcastnet_mlp,6,5,10,278,1461,0.7544
fourcastnet_mlp,6,5,20,556,1461,0.8451
fourcastnet_mlp,6,10,2,56,1461,0.3943
fourcastnet_mlp,6,10,5,139,1461,0.5482
fourcastnet_mlp,6,10,10,278,1461,0.6902
fourcastnet_mlp,6,10,20,556,1461,0.8072
fourcastnet_mlp,6,20,2,56,1461,0.2781
fourcastnet_mlp,6,20,5,139,1461,0.4155
fourcastnet_mlp,6,20,10,278,1461,0.5565
fourcastnet_mlp,6,20,20,556,1461,0.6872
fourcastnet_mlp,6,50,2,56,1461,0.1145
fourcastnet_mlp,6,50,5,139,1461,0.1817
fourcastnet_mlp,6,50,10,278,1461,0.2576
fourcastnet_mlp,6,50,20,556,1461,0.333
fourcastnet_mlp,12,5,2,56,1460,0.4594
fourcastnet_mlp,12,5,5,139,1460,0.5796
fourcastnet_mlp,12,5,10,278,1460,0.6929
fourcastnet_mlp,12,5,20,556,1460,0.7968
fourcastnet_mlp,12,10,2,56,1460,0.3323
fourcastnet_mlp,12,10,5,139,1460,0.45
fourcastnet_mlp,12,10,10,278,1460,0.5737
fourcastnet_mlp,12,10,20,556,1460,0.6962
fourcastnet_mlp,12,20,2,56,1460,0.2019
fourcastnet_mlp,12,20,5,139,1460,0.2916
fourcastnet_mlp,12,20,10,278,1460,0.3968
fourcastnet_mlp,12,20,20,556,1460,0.5122
fourcastnet_mlp,12,50,2,56,1460,0.0847
fourcastnet_mlp,12,50,5,139,1460,0.1263
fourcastnet_mlp,12,50,10,278,1460,0.1814
fourcastnet_mlp,12,50,20,556,1460,0.2547
fourcastnet_mlp,18,5,2,56,1459,0.4544
fourcastnet_mlp,18,5,5,139,1459,0.5606
fourcastnet_mlp,18,5,10,278,1459,0.6647
fourcastnet_mlp,18,5,20,556,1459,0.7683
fourcastnet_mlp,18,10,2,56,1459,0.3084
fourcastnet_mlp,18,10,5,139,1459,0.4044
fourcastnet_mlp,18,10,10,278,1459,0.5047
fourcastnet_mlp,18,10,20,556,1459,0.6045
fourcastnet_mlp,18,20,2,56,1459,0.1729
fourcastnet_mlp,18,20,5,139,1459,0.2376
fourcastnet_mlp,18,20,10,278,1459,0.3084
fourcastnet_mlp,18,20,20,556,1459,0.3797
fourcastnet_mlp,18,50,2,56,1459,0.0721
fourcastnet_mlp,18,50,5,139,1459,0.1003
fourcastnet_mlp,18,50,10,278,1459,0.1321
fourcastnet_mlp,18,50,20,556,1459,0.1657
fourcastnet_mlp,24,5,2,56,1458,0.4428
fourcastnet_mlp,24,5,5,139,1458,0.5444
fourcastnet_mlp,24,5,10,278,1458,0.6462
fourcastnet_mlp,24,5,20,556,1458,0.7526
fourcastnet_mlp,24,10,2,56,1458,0.2873
fourcastnet_mlp,24,10,5,139,1458,0.3756
fourcastnet_mlp,24,10,10,278,1458,0.4684
fourcastnet_mlp,24,10,20,556,1458,0.5624
fourcastnet_mlp,24,20,2,56,1458,0.1519
fourcastnet_mlp,24,20,5,139,1458,0.2075
fourcastnet_mlp,24,20,10,278,1458,0.2671
fourcastnet_mlp,24,20,20,556,1458,0.3272
fourcastnet_mlp,24,50,2,56,1458,0.0643
fourcastnet_mlp,24,50,5,139,1458,0.0893
fourcastnet_mlp,24,50,10,278,1458,0.1151
fourcastnet_mlp,24,50,20,556,1458,0.1384
fourcastnet_mlp,30,5,2,56,1457,0.4302
fourcastnet_mlp,30,5,5,139,1457,0.5289
fourcastnet_mlp,30,5,10,278,1457,0.6292
fourcastnet_mlp,30,5,20,556,1457,0.7356
fourcastnet_mlp,30,10,2,56,1457,0.2676
fourcastnet_mlp,30,10,5,139,1457,0.3499
fourcastnet_mlp,30,10,10,278,1457,0.4356
fourcastnet_mlp,30,10,20,556,1457,0.5228
fourcastnet_mlp,30,20,2,56,1457,0.1348
fourcastnet_mlp,30,20,5,139,1457,0.1851
fourcastnet_mlp,30,20,10,278,1457,0.2386
fourcastnet_mlp,30,20,20,556,1457,0.2904
fourcastnet_mlp,30,50,2,56,1457,0.0598
fourcastnet_mlp,30,50,5,139,1457,0.0822
fourcastnet_mlp,30,50,10,278,1457,0.1063
fourcastnet_mlp,30,50,20,556,1457,0.1271
fourcastnet_mlp,36,5,2,56,1456,0.4159
fourcastnet_mlp,36,5,5,139,1456,0.5135
fourcastnet_mlp,36,5,10,278,1456,0.6136
fourcastnet_mlp,36,5,20,556,1456,0.7204
fourcastnet_mlp,36,10,2,56,1456,0.2458
fourcastnet_mlp,36,10,5,139,1456,0.3229
fourcastnet_mlp,36,10,10,278,1456,0.4037
fourcastnet_mlp,36,10,20,556,1456,0.4855
fourcastnet_mlp,36,20,2,56,1456,0.1197
fourcastnet_mlp,36,20,5,139,1456,0.1639
fourcastnet_mlp,36,20,10,278,1456,0.2094
fourcastnet_mlp,36,20,20,556,1456,0.253
fourcastnet_mlp,36,50,2,56,1456,0.0543
fourcastnet_mlp,36,50,5,139,1456,0.0748
fourcastnet_mlp,36,50,10,278,1456,0.0978
fourcastnet_mlp,36,50,20,556,1456,0.1164
fourcastnet_mlp,42,5,2,56,1455,0.4003
fourcastnet_mlp,42,5,5,139,1455,0.4956
fourcastnet_mlp,42,5,10,278,1455,0.594
fourcastnet_mlp,42,5,20,556,1455,0.7008
fourcastnet_mlp,42,10,2,56,1455,0.2257
fourcastnet_mlp,42,10,5,139,1455,0.2965
fourcastnet_mlp,42,10,10,278,1455,0.3709
fourcastnet_mlp,42,10,20,556,1455,0.4471
fourcastnet_mlp,42,20,2,56,1455,0.1063
fourcastnet_mlp,42,20,5,139,1455,0.1445
fourcastnet_mlp,42,20,10,278,1455,0.1839
fourcastnet_mlp,42,20,20,556,1455,0.2196
fourcastnet_mlp,42,50,2,56,1455,0.0489
fourcastnet_mlp,42,50,5,139,1455,0.0677
fourcastnet_mlp,42,50,10,278,1455,0.0882
fourcastnet_mlp,42,50,20,556,1455,0.1039
fourcastnet_mlp,48,5,2,56,1454,0.3857
fourcastnet_mlp,48,5,5,139,1454,0.4796
fourcastnet_mlp,48,5,10,278,1454,0.5778
fourcastnet_mlp,48,5,20,556,1454,0.6857
fourcastnet_mlp,48,10,2,56,1454,0.2059
fourcastnet_mlp,48,10,5,139,1454,0.2708
fourcastnet_mlp,48,10,10,278,1454,0.3381
fourcastnet_mlp,48,10,20,556,1454,0.4066
fourcastnet_mlp,48,20,2,56,1454,0.0946
fourcastnet_mlp,48,20,5,139,1454,0.1283
fourcastnet_mlp,48,20,10,278,1454,0.1622
fourcastnet_mlp,48,20,20,556,1454,0.1929
fourcastnet_mlp,48,50,2,56,1454,0.0437
fourcastnet_mlp,48,50,5,139,1454,0.0603
fourcastnet_mlp,48,50,10,278,1454,0.079
fourcastnet_mlp,48,50,20,556,1454,0.0943
